<?xml version="1.0" encoding="utf-8"?>
<?xml-stylesheet type="text/xsl" href="Main.xsl"?>

<cancion xmlns:xsi="http://www.w3.org/2001/XMLSchema-instance" xsi:noNamespaceSchemaLocation="Letras.xsd">

	<titulo>Warriors</titulo>
	<autor>Imagine Dragons</autor>
	<letra>
		<estrofa>
			<verso>As a child, you would wait and watch from far away</verso>
			<verso>But you always knew that you'd be the one</verso>
			<verso>That work while they all play</verso>
		</estrofa>

		<estrofa>
			<verso>In youth, you'd lay awake at night and scheme</verso>
			<verso>Of all the things that you would change</verso>
			<verso>But it was just a dream</verso>
		</estrofa>


		<estrofa>
			<verso>Here we are, don't turn away now (don't turn away)</verso>
			<verso>We are the warriors that built this town</verso>
			<verso>Here we are, don't turn away now (don't turn away)</verso>
			<verso>We are the warriors that built this town</verso>
			<verso>From dust</verso>
		</estrofa>


		<estrofa>
			<verso>Will come</verso>
			<verso>When you will have to rise</verso>
			<verso>Above the best and prove yourself</verso>
			<verso>Your spirit never dies</verso>
		</estrofa>


		<estrofa>
			<verso>Farewell, I've gone to take my throne above</verso>
			<verso>But don't weep for me</verso>
			<verso>'Cause this will be the labor of my love</verso>
		</estrofa>


		<estrofa>
			<verso>Here we are, don't turn away now (don't turn away)</verso>
			<verso>We are the warriors that built this town</verso>
			<verso>Here we are, don't turn away now (don't turn away)</verso>
			<verso>We are the warriors that built this town</verso>
			<verso>From dust</verso>
		</estrofa>


		<estrofa>
			<verso>Here we are, don't turn away now (don't turn away)</verso>
			<verso>We are the warriors that built this town</verso>
			<verso>Here we are, don't turn away now (don't turn away)</verso>
			<verso>We are the warriors that built this town</verso>
			<verso>From dust</verso>
		</estrofa>

	</letra>
</cancion>